No.,Name,SMILES strings,T_calc (K),T_publ (K),T_pred M-235 (K),T_pred M-20 (K),Absolute Error M-235 (K),Absolute Error M-20 (K),Relative Error M-235 (%),Relative Error M-20 (%)
1,ethane,CC,,184.6,184.6,184.9,-0.1,-0.3,0,-0.2
2,propane,CCC,,231.1,230.7,230.9,0.3,0.1,0.1,0.1
3,n-butane,CCCC,,272.7,270.4,270.4,2.2,2.2,0.8,0.8
4,n-pentane,CCCCC,,309.2,307.1,306.7,2.1,2.5,0.7,0.8
5,n-hexane,CCCCCC,,341.9,339,338.4,2.9,3.5,0.8,1
6,n-heptane,CCCCCCC,,371.6,369,368,2.6,3.6,0.7,1
7,n-octane,CCCCCCCC,,398.8,395.6,394.3,3.2,4.5,0.8,1.1
8,n-nonane,CCCCCCCCC,,424,421.2,419.7,2.7,4.3,0.6,1
9,n-decane,CCCCCCCCCC,,447.3,444.1,442.3,3.2,5,0.7,1.1
10,n-undecane,CCCCCCCCCCC,,469,462.3,460.7,6.7,8.3,1.4,1.8
11,n-dodecane,CCCCCCCCCCCC,,489.4,483.4,481.5,6.1,7.9,1.2,1.6
12,n-tridecane,CCCCCCCCCCCCC,,508.6,499.1,497.5,9.5,11.1,1.9,2.2
13,n-tetradecane,CCCCCCCCCCCCCC,,526.7,516.9,515.2,9.8,11.5,1.9,2.2
14,n-pentadecane,CCCCCCCCCCCCCCC,,543.8,534.8,532.8,9,10.9,1.7,2
15,n-hexadecane,CCCCCCCCCCCCCCCC,,559.9,551.9,549.7,8.1,10.2,1.4,1.8
16,n-heptadecane,CCCCCCCCCCCCCCCCC,,575.3,568,565.7,7.3,9.6,1.3,1.7
17,n-octadecane,CCCCCCCCCCCCCCCCCC,,589.9,583.5,581,6.4,8.9,1.1,1.5
18,n-nonadecane,CCCCCCCCCCCCCCCCCCC,,603.8,598.3,595.7,5.4,8,0.9,1.3
19,n-eicosane,CCCCCCCCCCCCCCCCCCCC,,616.9,613.4,610.5,3.5,6.4,0.6,1
20,n-heneicosane,CCCCCCCCCCCCCCCCCCCCC,,629.7,624.9,622.1,4.8,7.5,0.8,1.2
21,n-docosane,CCCCCCCCCCCCCCCCCCCCCC,,641.8,635.8,633.2,6,8.6,0.9,1.3
22,n-tricosane,CCCCCCCCCCCCCCCCCCCCCCC,,653.4,650.4,647.5,2.9,5.9,0.4,0.9
23,n-tetracosane,CCCCCCCCCCCCCCCCCCCCCCCC,,664.4,664.6,661.4,-0.2,3,0,0.5
24,n-pentacosane,CCCCCCCCCCCCCCCCCCCCCCCCC,,675,670.6,667.8,4.5,7.2,0.7,1.1
25,n-hexacosane,CCCCCCCCCCCCCCCCCCCCCCCCCC,,685.4,680.6,677.9,4.8,7.5,0.7,1.1
26,n-heptacosane,CCCCCCCCCCCCCCCCCCCCCCCCCCC,,695.3,691.1,688.4,4.1,6.9,0.6,1
27,n-octacosane,CCCCCCCCCCCCCCCCCCCCCCCCCCCC,,704.8,702.4,699.5,2.3,5.2,0.3,0.7
28,n-nonacosane,CCCCCCCCCCCCCCCCCCCCCCCCCCCCC,,713.9,709.1,706.6,4.8,7.4,0.7,1
29,n-triacontane,CCCCCCCCCCCCCCCCCCCCCCCCCCCCCC,,722.9,718.6,716,4.3,6.9,0.6,0.9
30,n-dotriacontane,CCCCCCCCCCCCCCCCCCCCCCCCCCCCCCCC,,736.7,736.5,733.9,0.2,2.8,0,0.4
31,n-pentatriacontane,CCCCCCCCCCCCCCCCCCCCCCCCCCCCCCCCCCC,,758.8,759.7,757.3,-0.9,1.5,-0.1,0.2
32,n-hexatriacontane,CCCCCCCCCCCCCCCCCCCCCCCCCCCCCCCCCCCC,,765.6,764.2,762.1,1.4,3.5,0.2,0.5
33,n-tetracontane,CCCCCCCCCCCCCCCCCCCCCCCCCCCCCCCCCCCCCCCC,,790.8,795.7,793.4,-4.9,-2.6,-0.6,-0.3
34,n-tetratetracontane,CCCCCCCCCCCCCCCCCCCCCCCCCCCCCCCCCCCCCCCCCCCC,,812.7,814.2,812.8,-1.5,-0.1,-0.2,0
35,n-hexacontane,CCCCCCCCCCCCCCCCCCCCCCCCCCCCCCCCCCCCCCCCCCCCCCCCCC,,877.5,872.3,873.9,5.2,3.6,0.6,0.4
36,i-butane,CC(C)C,,261.4,261.2,263.5,0.2,-2.1,0.1,-0.8
37,2-methylbutane,CC(C)CC,,301,298.8,300.6,2.2,0.4,0.7,0.1
38,"2,2-dimethylpropane",CC(C)(C)C,,282.6,287.4,288.4,-4.8,-5.8,-1.7,-2.1
39,2-methylpentane,CC(C)CCC,,333.4,331.8,333.2,1.6,0.2,0.5,0.1
40,3-methylpentane,CC(CC)CC,,336.4,333.9,335.1,2.5,1.3,0.7,0.4
41,"2,2-dimethylbutane",CC(C)(CC)C,,322.9,324.1,324.3,-1.3,-1.5,-0.4,-0.5
42,"2,3-dimethylbutane",CC(C)C(C)C,,331.1,328.7,331.8,2.5,-0.6,0.7,-0.2
43,2-methylhexane,CC(C)CCCC,,363.2,363.9,364.7,-0.7,-1.5,-0.2,-0.4
44,3-methylhexane,CC(CC)CCC,,365,366.1,366.7,-1.1,-1.7,-0.3,-0.5
45,"2,2-dimethylpentane",CC(CC)CCC,,352.3,353.2,353.1,-0.9,-0.8,-0.2,-0.2
46,"2,3-dimethylpentane",CC(C)C(CC)C,,362.9,360.7,363.2,2.3,-0.2,0.6,-0.1
47,"2,4-dimethylpentane",CC(C)CC(C)C,,353.6,355.2,358.1,-1.6,-4.5,-0.4,-1.3
48,"3,3-dimethylpentane",CC(CC)(CC)C,,359.2,358.6,357.9,0.6,1.3,0.2,0.3
49,"2,2,3-trimethylbutane",CC(C)(C(C)C)C,,354,351,352.5,3.1,1.5,0.9,0.4
50,2-methylheptane,CC(C)CCCCC,,390.8,388.4,389.2,2.4,1.6,0.6,0.4
51,3-methylheptane,CC(CC)CCCC,,392.1,392.7,393,-0.6,-0.9,-0.1,-0.2
52,4-methylheptane,CC(CCC)CCC,,390.9,390.7,391.3,0.2,-0.4,0.1,-0.1
53,"2,2-dimethylhexane",CC(C)(CCCC)C,,380,379.7,379.5,0.3,0.5,0.1,0.1
54,"2,3-dimethylhexane",CC(C)C(CCC)C,,388.8,387.3,389.6,1.5,-0.8,0.4,-0.2
55,"2,4-dimethylhexane",CC(C)CC(CC)C,,382.6,389,391.4,-6.4,-8.8,-1.7,-2.3
56,"2,5-dimethylhexane",CC(C)CCC(C)C,,382.3,384.2,386.8,-1.9,-4.5,-0.5,-1.2
57,"3,3-dimethylhexane",CC(CC)(CCC)C,,385.1,384.8,383.9,0.3,1.2,0.1,0.3
58,"3,4-dimethylhexane",CC(CC)C(CC)C,,390.9,390.7,392.7,0.2,-1.8,0.1,-0.5
59,3-ethylhexane,C(C)C(CC)CCC,,391.7,398.9,398.8,-7.2,-7.1,-1.8,-1.8
60,"2,2,3-trimethylpentane",CC(C)(C(CC)C)C,,383,383.7,384.6,-0.7,-1.6,-0.2,-0.4
61,"2,2,4-trimethylpentane",CC(C)(CC(C)C)C,,372.4,377.9,379.3,-5.5,-6.9,-1.5,-1.9
62,"2,3,3-trimethylpentane",CC(C)C(CC)(C)C,,387.9,382.9,383.7,5,4.2,1.3,1.1
63,"2,3,4-trimethylpentane",CC(C)C(C(C)C)C,,386.6,385.9,389.6,0.7,-3,0.2,-0.8
64,2-methyl-3-ethylpentane,CC(C)C(CC)CC,,388.8,390.2,392.1,-1.4,-3.3,-0.4,-0.8
65,3-methyl-3-ethylpentane,CC(CC)(CC)CC,,391.4,393.6,395.1,-2.2,-3.7,-0.6,-1
66,"2,2,3-trimethylhexane",CC(C)(C(CCC)C)C,,406.8,406.3,407.2,0.5,-0.4,0.1,-0.1
67,"2,2,4-trimethylhexane",CC(C)(CC(CC)C)C,,399.7,406.8,407.6,-7.1,-7.9,-1.8,-2
68,"2,2,5-trimethylhexane",CC(C)(CCC(C)C)C,,397.2,400.2,401.5,-3,-4.3,-0.8,-1.1
69,"3,3-diethylpentane",C(C)C(CC)(CC)CC,,419.3,423.2,420.5,-3.9,-1.1,-0.9,-0.3
70,"2,2,3,3-tetramethylpentane",CC(C)(C(CC)(C)C)C,,413.4,405.9,405.2,7.5,8.2,1.8,2
71,"2,2,3,4-tetramethylpentane",CC(C)(C(C(C)C)C)C,,406.2,403.7,406.2,2.5,0,0.6,0
72,"2,2,4,4-tetramethylpentane",CC(C)(CC(C)(C)C)C,,395.4,393.7,393,1.7,2.4,0.4,0.6
73,"2,3,3,4-tetramethylpentane",CC(C)C(C(C)C)(C)C,,414.7,405.6,407.8,9.1,6.9,2.2,1.7
74,2-methyloctane,CC(C)CCCCCC,,416.4,413,413.6,3.4,2.8,0.8,0.7
75,2-methylnonane,CC(C)CCCCCCC,,440.2,435.8,436.2,4.4,4,1,0.9
76,"3,3,5-trimethylheptane",CC(CC)(CC(CC)C)C,,428.9,432.9,433.1,-4.1,-4.3,-1,-1
77,"2,2,3,3-tetramethylhexane",CC(C)(C(CCC)(C)C)C,,433.3,427.8,427,5.5,6.3,1.3,1.5
78,"2,5-dimethyldecane",CC(C)CCC(CCCCC)C,,471.3,472.4,474.4,-1.1,-3.1,-0.2,-0.7
79,"2,5-dimethyldodecane",CC(C)CCC(CCCCCCC)C,,506.8,511.9,513.3,-5.1,-6.5,-1,-1.3
80,"2,6,10-trimethyldodecane",CC(C)CCCC(CCCC(CC)C)C,,526.2,525.8,528.7,0.4,-2.6,0.1,-0.5
81,"2,6,10-trimethyltetradecane",CC(C)CCCC(CCCC(CCCC)C)C,,558.2,559.1,561.6,-0.9,-3.5,-0.2,-0.6
82,pristane,CC(C)CCCC(C)CCCC(C)CCCC(C)C,,604.3,582.9,587.1,21.6,17.2,3.6,2.8
83,phytane,CCC(C)CCCC(C)CCCC(C)CCCC(C)C,,625.6,601.9,605.3,23.7,20.3,3.8,3.2
84,squalane,CC(C)CCCC(C)CCCC(C)CCCCC(C)CCCC(C)CCCC(C)C,,720,695.2,702.9,24.8,17.1,3.4,2.4
85,lycopane,CC(C)CCCC(C)CCCC(C)CCCC(C)CCCCC(C)CCCC(C)CCCC(C)CCCC(C)C,,769,758.6,770.5,10.4,-1.5,1.4,-0.2
86,propylene,C=CC,,225.4,231.6,232.1,-6.2,-6.7,-2.7,-3
87,1-butene,C=CCC,,266.9,270.3,270.8,-3.4,-3.9,-1.3,-1.5
88,1-pentene,C=CCCC,,303.1,304.9,305.2,-1.8,-2.1,-0.6,-0.7
89,1-hexene,C=CCCCC,,336.6,339.9,339.6,-3.3,-3,-1,-0.9
90,1-heptene,C=CCCCCC,,366.8,370,369.3,-3.2,-2.6,-0.9,-0.7
91,1-octene,C=CCCCCCC,,394.4,396.4,395.5,-1.9,-1.1,-0.5,-0.3
92,1-nonene,C=CCCCCCCC,,420,422.8,421.5,-2.8,-1.5,-0.7,-0.4
93,1-decene,C=CCCCCCCCC,,443.8,445.4,444,-1.6,-0.2,-0.4,0
94,1-undecene,C=CCCCCCCCCC,,465.8,466.9,465.3,-1.1,0.5,-0.2,0.1
95,1-dodecene,C=CCCCCCCCCCC,,486.5,485.4,483.8,1.1,2.7,0.2,0.5
96,1-tridecene,C=CCCCCCCCCCCC,,505.9,509.5,507.2,-3.6,-1.3,-0.7,-0.3
97,1-tetradecene,C=CCCCCCCCCCCCC,,524.3,525,522.8,-0.7,1.4,-0.1,0.3
98,1-pentadecene,C=CCCCCCCCCCCCCC,,541.5,542.1,539.8,-0.6,1.7,-0.1,0.3
99,1-hexadecene,C=CCCCCCCCCCCCCCC,,558,559.5,557,-1.5,1,-0.3,0.2
100,1-heptadecene,C=CCCCCCCCCCCCCCCC,,573.5,573.3,570.9,0.1,2.5,0,0.4
101,1-octadecene,C=CCCCCCCCCCCCCCCCC,,588,586.8,584.4,1.2,3.6,0.2,0.6
102,1-nonadecene,C=CCCCCCCCCCCCCCCCCC,,601.7,599.5,597.2,2.2,4.5,0.4,0.7
103,1-eicosene,C=CCCCCCCCCCCCCCCCCCC,,615.5,612.4,610.1,3.1,5.4,0.5,0.9
104,1-heneicosene,C=CCCCCCCCCCCCCCCCCCCC,,628.2,627.9,625.4,0.2,2.8,0,0.4
105,1-docosene,C=CCCCCCCCCCCCCCCCCCCCC,,640.4,642.3,639.5,-1.9,0.9,-0.3,0.1
106,1-tricosene,C=CCCCCCCCCCCCCCCCCCCCCC,,652,652.6,649.9,-0.6,2.1,-0.1,0.3
107,1-tetracosene,C=CCCCCCCCCCCCCCCCCCCCCCC,,663.2,658.8,656.7,4.3,6.5,0.6,1
108,1-pentacosene,C=CCCCCCCCCCCCCCCCCCCCCCCC,,674.3,679,675.9,-4.8,-1.6,-0.7,-0.2
109,1-hexacosene,C=CCCCCCCCCCCCCCCCCCCCCCCCC,,684.3,689.8,686.6,-5.5,-2.3,-0.8,-0.3
110,1-heptacosene,C=CCCCCCCCCCCCCCCCCCCCCCCCCC,,694.3,695.4,692.7,-1.2,1.5,-0.2,0.2
111,1-octacosene,C=CCCCCCCCCCCCCCCCCCCCCCCCCCC,,702.2,704.7,702.1,-2.6,0.1,-0.4,0
112,1-nonacosene,C=CCCCCCCCCCCCCCCCCCCCCCCCCCCC,,713.2,717.9,714.9,-4.7,-1.7,-0.7,-0.2
113,1-triacontene,C=CCCCCCCCCCCCCCCCCCCCCCCCCCCCC,,720.9,726.4,723.5,-5.5,-2.5,-0.8,-0.4
114,"1,3-butadiene",C=CC=C,,268.7,275.1,275.8,-6.4,-7.1,-2.4,-2.6
115,c-2-butene,C/C=C\C,,276.9,267.6,268.8,9.2,8.1,3.3,2.9
116,t-2-butene,CC=CC,,274,267.6,268.8,6.4,5.2,2.3,1.9
117,i-butene,C=C(C)C,,266.3,267.2,268.4,-1,-2.2,-0.4,-0.8
118,isoprene,C=CC(C)=C,,307.2,310,311.1,-2.8,-3.8,-0.9,-1.3
119,"2,3-dimethyl-1-butene",CC(=C)C(C)C,,328.8,332.2,334.7,-3.4,-5.9,-1,-1.8
120,"2,3-dimethyl-2-butene",CC(C)=C(C)C,,346.4,333.6,335.4,12.8,11,3.7,3.2
121,2-ethyl-1-butene,C(C)C(=C)CC,,337.8,339.2,339.4,-1.4,-1.6,-0.4,-0.5
122,c-2-hexene,C/C=C\CCC,,342,337,337.4,5,4.6,1.5,1.4
123,t-2-hexene,CCCC=CC,,341,336.8,337.3,4.2,3.7,1.2,1.1
124,2-methyl-1-pentene,CC(=C)CCC,,335.3,337.1,337.7,-1.9,-2.5,-0.6,-0.7
125,4-methyl-1-pentene,CC(CC=C)C,,327,330.1,332.2,-3.1,-5.2,-1,-1.6
126,"2,4,4-trimethyl-1-pentene",CC(=C)CC(C)(C)C,,374.6,379.8,380.6,-5.2,-6,-1.4,-1.6
127,"2,4,4-trimethyl-2-pentene",CC(C)=CC(C)(C)C,,378.1,373.9,375.2,4.2,2.8,1.1,0.7
128,2-methyl-1-butene,CC(=C)CC,,304.3,305.1,305.9,-0.8,-1.6,-0.3,-0.5
129,2-methyl-2-butene,CC(C)=CC,,311.7,301.6,302.8,10.1,8.9,3.3,2.9
130,3-methyl-1-butene,CC(C=C)C,,293.2,297.9,300.4,-4.7,-7.1,-1.6,-2.4
131,"2,3-dimethyl-butadiene",CC(=C)C(C)=C,,341.9,337.4,339.4,4.6,2.5,1.3,0.7
132,"3,3-dimethyl-1-butene",CC(C=C)(C)C,,314.4,321.1,322.2,-6.7,-7.8,-2.1,-2.5
133,2-methyl-2-pentene,CC(C)=CCC,,340.5,335.3,336.4,5.2,4.1,1.5,1.2
134,3-methyl-1-pentene,CC(C=C)CC,,327.3,332.8,334.6,-5.4,-7.3,-1.7,-2.2
135,"1,5-hexadiene",C=CCCC=C,,332.6,340,340.2,-7.4,-7.6,-2.2,-2.3
136,limonene,CC(=C)C1CCC(C)=CC1,,449.2,447.2,449,2,0.1,0.4,0
137,a-pinene,CC1=CCC2CC1C2(C)C,,429.3,437.4,431,-8.1,-1.7,-1.9,-0.4
138,cyclopropane,C1CC1,,240.4,250.8,249.6,-10.4,-9.2,-4.3,-3.8
139,cyclobutane,C1CCC1,,285.7,287.8,283.3,-2.1,2.4,-0.7,0.8
140,cyclopentane,C1CCCC1,,322.4,324.9,325,-2.5,-2.6,-0.8,-0.8
141,cyclohexane,C1CCCCC1,,353.9,349.9,351.2,4,2.7,1.1,0.8
142,cycloheptane,C1CCCCCC1,,391.9,382.5,383.7,9.4,8.2,2.4,2.1
143,cyclooctane,C1CCCCCCC1,,424.3,410.6,411.5,13.7,12.8,3.2,3
144,methylcyclohexane,CC1CCCCC1,,374.1,377.6,379.3,-3.5,-5.3,-0.9,-1.4
145,ethylcyclohexane,C(C)C1CCCCC1,,405,402.9,404.6,2,0.3,0.5,0.1
146,propylcyclohexane,C(CC)C1CCCCC1,,429.9,429.6,430.9,0.3,-1,0.1,-0.2
147,butylcyclohexane,C(CCC)C1CCCCC1,,454.1,452.4,453.5,1.7,0.6,0.4,0.1
148,methylcyclopentane,CC1CCCC1,,345,351.9,352.7,-6.9,-7.8,-2,-2.2
149,ethylcyclopentane,C(C)C1CCCC1,,376.6,381.3,381.8,-4.7,-5.2,-1.2,-1.4
150,propylcyclopentane,C(CC)C1CCCC1,,404.1,409.9,410,-5.8,-5.9,-1.4,-1.5
151,butylcyclopentane,C(CCC)C1CCCC1,,429.8,435.5,435.3,-5.7,-5.5,-1.3,-1.3
152,pentylcyclopentane,C(CCCC)C1CCCC1,,453.7,454.2,454.2,-0.5,-0.5,-0.1,-0.1
153,hexylcyclopentane,C(CCCCC)C1CCCC1,,476,476.5,476.3,-0.5,-0.3,-0.1,-0.1
154,heptylcyclopentane,C(CCCCCC)C1CCCC1,,497,495.5,495.3,1.5,1.7,0.3,0.3
155,octylcyclopentane,C(CCCCCCC)C1CCCC1,,516.7,517.5,516.7,-0.8,0,-0.2,0
156,nonylcyclopentane,C(CCCCCCCC)C1CCCC1,,535.2,536.3,535.4,-1.1,-0.2,-0.2,0
157,decylcyclopentane,C(CCCCCCCCC)C1CCCC1,,552.5,554.2,553,-1.7,-0.5,-0.3,-0.1
158,undecylcyclopentane,C(CCCCCCCCCC)C1CCCC1,,568.9,570.2,568.9,-1.3,0,-0.2,0
159,dodecylcyclopentane,C(CCCCCCCCCCC)C1CCCC1,,584.4,585.4,584.1,-1,0.3,-0.2,0.1
160,tridecylcyclopentane,C(CCCCCCCCCCCC)C1CCCC1,,599,600.8,599.4,-1.8,-0.4,-0.3,-0.1
161,tetradecylcyclopentane,C(CCCCCCCCCCCCC)C1CCCC1,,613.2,613.5,612.1,-0.3,1.1,0,0.2
162,pentadecylcyclopentane,C(CCCCCCCCCCCCCC)C1CCCC1,,625.9,626.6,625.2,-0.7,0.7,-0.1,0.1
163,hexadecylcyclopentane,C(CCCCCCCCCCCCCCC)C1CCCC1,,639.3,640.1,638.6,-0.8,0.7,-0.1,0.1
164,heptadecylcyclopentane,C(CCCCCCCCCCCCCCCC)C1CCCC1,,650.3,654,652.5,-3.7,-2.2,-0.6,-0.3
165,octadecylcyclopentane,C(CCCCCCCCCCCCCCCCC)C1CCCC1,,661.9,665.5,663.8,-3.6,-1.9,-0.5,-0.3
166,nonadecylcyclopentane,C(CCCCCCCCCCCCCCCCCC)C1CCCC1,,673.1,673.5,672.2,-0.4,0.9,-0.1,0.1
167,eicosylcyclopentane,C(CCCCCCCCCCCCCCCCCCC)C1CCCC1,,683.1,688,686.3,-4.9,-3.2,-0.7,-0.5
168,heneicosylcyclopentane,C(CCCCCCCCCCCCCCCCCCCC)C1CCCC1,,693.1,695.9,694.4,-2.8,-1.3,-0.4,-0.2
169,docosylcyclopentane,C(CCCCCCCCCCCCCCCCCCCCC)C1CCCC1,,703.1,706.5,704.9,-3.4,-1.8,-0.5,-0.3
170,tricosylcyclopentane,C(CCCCCCCCCCCCCCCCCCCCCC)C1CCCC1,,712,716.8,715.2,-4.8,-3.2,-0.7,-0.5
171,tetracosylcyclopentane,C(CCCCCCCCCCCCCCCCCCCCCCC)C1CCCC1,,720.4,725.4,723.9,-5,-3.5,-0.7,-0.5
172,pentacosylcyclopentane,C(CCCCCCCCCCCCCCCCCCCCCCCC)C1CCCC1,,729.3,732.8,731.6,-3.5,-2.3,-0.5,-0.3
173,"c-1,2-dimethylcyclohexane",C[C@H]1CCCC[C@H]1C,,402.9,405.3,407.4,-2.4,-4.4,-0.6,-1.1
174,"t-1,2-dimethylcyclohexane",CC1CCCCC1C,,396.6,402,404.4,-5.5,-7.8,-1.4,-2
175,"c-1,3-dimethylcyclohexane",C[C@H]1CCC[C@@H](C)C1,,393.2,406.6,408.3,-13.4,-15.1,-3.4,-3.8
176,"t-1,3-dimethylcyclohexane",C[C@@H]1CCC[C@@H](C)C1,,397.6,404.5,406.6,-6.9,-9,-1.7,-2.3
177,"c-1,4-dimethylcyclohexane",C[C@@H]1CC[C@H](C)CC1,,397.5,402.3,404.6,-4.8,-7.2,-1.2,-1.8
178,"t-1,4-dimethylcyclohexane",C[C@H]1CC[C@H](C)CC1,,392.5,396.6,399.5,-4.1,-7,-1,-1.8
179,cyclopentene,C1=CCCC1,,317.4,315.4,312.9,2,4.5,0.6,1.4
180,cyclohexene,C1=CCCCC1,,356.1,346.1,345.8,10.1,10.3,2.8,2.9
181,"1,3-cyclohexadiene",C1=CC=CCC1,,353.5,350.6,348.8,2.9,4.6,0.8,1.3
182,"5-methyl-1,3-cyclopentadiene",CC1C=CC=C1,,345.9,336.3,332.4,9.7,13.6,2.8,3.9
183,"1,3-cyclopentadiene",C1=CC=CC1,,314.7,307.8,303.1,6.8,11.6,2.2,3.7
184,benzene,C1=CC=CC=C1,,353.3,355.9,352.4,2.6,0.9,-0.7,0.2
185,toluene,CC1=CC=CC=C1,,383.8,385.5,383,-1.8,0.8,-0.5,0.2
186,ethylbenzene,C(C)C1=CC=CC=C1,,409.3,413.8,410.9,-4.5,-1.6,-1.1,-0.4
187,propylbenzene,C(CC)C1=CC=CC=C1,,432.4,436.4,433.5,-4,-1.2,-0.9,-0.3
188,butylbenzene,C(CCC)C1=CC=CC=C1,,456.5,461.8,458.4,-5.3,-2,-1.2,-0.4
189,o-xylene,C=1(C(=CC=CC1)C)C,,417.6,411.7,409.6,5.9,8,1.4,1.9
190,m-xylene,C1(=CC(=CC=C1)C)C,,412.3,406.9,405,5.4,7.3,1.3,1.8
191,p-xylene,C1(=CC=C(C=C1)C)C,,411.5,408.6,406.9,2.9,4.6,0.7,1.1
192,1-methyl-3-ethylbenzene,CC1=CC(=CC=C1)CC,,434.5,430.4,428.4,4.1,6.1,1,1.4
193,pentylbenzene,C(CCCC)C1=CC=CC=C1,,478.6,480.5,477.2,-1.9,1.3,-0.4,0.3
194,hexylbenzene,C(CCCCC)C1=CC=CC=C1,,499.3,500.4,497.1,-1.2,2.2,-0.2,0.4
195,heptylbenzene,C(CCCCCC)C1=CC=CC=C1,,519.2,517.9,514.6,1.2,4.6,0.2,0.9
196,octylbenzene,C(CCCCCCC)C1=CC=CC=C1,,537.5,536.5,533,1,4.5,0.2,0.8
197,nonylbenzene,C(CCCCCCCC)C1=CC=CC=C1,,555.2,554.9,551.1,0.3,4.1,0.1,0.7
198,decylbenzene,C(CCCCCCCCC)C1=CC=CC=C1,,571,570.3,566.5,0.7,4.6,0.1,0.8
199,undecylbenzene,C(CCCCCCCCCC)C1=CC=CC=C1,,586.4,586.4,582.4,-0.1,3.9,0,0.7
200,dodecylbenzene,C(CCCCCCCCCCC)C1=CC=CC=C1,,600.8,600.8,596.8,0,4,0,0.7
201,tridecylbenzene,C(CCCCCCCCCCCC)C1=CC=CC=C1,,614.4,616.2,612,-1.8,2.5,-0.3,0.4
202,tetradecylbenzene,C(CCCCCCCCCCCCC)C1=CC=CC=C1,,627,628.8,624.6,-1.8,2.4,-0.3,0.4
203,pentadecylbenzene,C(CCCCCCCCCCCCCC)C1=CC=CC=C1,,639.3,638.4,634.5,0.8,4.7,0.1,0.7
204,hexadecylbenzene,C(CCCCCCCCCCCCCCC)C1=CC=CC=C1,,650.9,646.1,642.6,4.9,8.3,0.7,1.3
205,heptadecylbenzene,C(CCCCCCCCCCCCCCCC)C1=CC=CC=C1,,662,664,659.9,-1.9,2.2,-0.3,0.3
206,octadecylbenzene,C(CCCCCCCCCCCCCCCCC)C1=CC=CC=C1,,673.2,674.8,670.7,-1.7,2.4,-0.3,0.4
207,nonadecylbenzene,C(CCCCCCCCCCCCCCCCCC)C1=CC=CC=C1,,683.2,685.5,681.4,-2.4,1.7,-0.3,0.3
208,eicosylbenzene,C(CCCCCCCCCCCCCCCCCCC)C1=CC=CC=C1,,693.2,695.5,691.4,-2.3,1.7,-0.3,0.2
209,heneicosylbenzene,C(CCCCCCCCCCCCCCCCCCCC)C1=CC=CC=C1,,702,707.7,703.4,-5.6,-1.4,-0.8,-0.2
210,docosylbenzene,C(CCCCCCCCCCCCCCCCCCCCC)C1=CC=CC=C1,,710.9,718.5,714.1,-7.5,-3.1,-1.1,-0.4
211,tricosylbenzene,C(CCCCCCCCCCCCCCCCCCCCCC)C1=CC=CC=C1,,719.3,726.8,722.6,-7.6,-3.3,-1.1,-0.5
212,tetracosylbenzene,C(CCCCCCCCCCCCCCCCCCCCCCC)C1=CC=CC=C1,,727,734.1,729.5,-7.1,-2.5,-1,-0.3
213,styrene,C=CC1=CC=CC=C1,,418.3,415.6,413.2,2.8,5.1,0.7,1.2
214,a-methylbenzene,CC1=CC=CC=C1,,438.7,443.1,440.8,-4.4,-2.2,-1,-0.5
215,cumene,C1(=CC=CC=C1)C(C)C,,425.6,430,429.1,-4.4,-3.5,-1,-0.8
216,o-ethyltoluene,C(C)C1=C(C)C=CC=C1,,438.3,440.1,438.1,-1.8,0.2,-0.4,0
217,p-ethyltoluene,C(C)C1=CC=C(C)C=C1,,435.2,436.8,435.3,-1.6,-0.1,-0.4,0
218,mesitylene,C1(=CC(=CC(=C1)C)C)C,,437.9,431.7,431.1,6.2,6.8,1.4,1.5
219,"1,2,3-trimethylbenzene",CC1=C(C(=CC=C1)C)C,,449.3,440.4,439.6,8.9,9.7,2,2.2
220,"1,2,4-trimethylbenzene",CC1=C(C=C(C=C1)C)C,,442.5,436.7,436.3,5.8,6.2,1.3,1.4
221,"1,2,3,4-tetrahydronaphthalene",C1CCC2=C(C1)C=CC=C2,,480.8,478.4,476.1,2.4,4.7,0.5,1
222,t-butylbenzene,C(C)(C)(C)C1=CC=CC=C1,,442.3,445.9,443.7,-3.6,-1.4,-0.8,-0.3
223,p-cymene,C1(=CC=C(C=C1)C)C(C)C,,450.3,452,452.4,-1.7,-2.2,-0.4,-0.5
224,m-diethylbenzene,C(C)C1=CC(=CC=C1)CC,,454.3,457.2,455.5,-2.9,-1.2,-0.6,-0.3
225,i-butylbenzene,C(C(C)C)C1=CC=CC=C1,,445.9,441.5,441.2,4.4,4.7,1,1.1
226,m-diisopropylbenzene,C(C)(C)C1=CC(=CC=C1)C(C)C,,476.3,487.5,489.2,-11.1,-12.9,-2.3,-2.7
227,diphenylmethane,C1(=CC=CC=C1)CC1=CC=CC=C1,,537.4,539.3,534.2,-1.9,3.3,-0.3,0.6
228,m-ethyltoluene,C(C)C=1C=C(C)C=CC1,,434.6,436.2,434.4,-1.7,0.2,-0.4,0
229,s-butylbenzene,C(C)(CC)C1=CC=CC=C1,,446.5,452.6,451.5,-6.1,-5.1,-1.4,-1.1
230,p-diethylbenzene,C(C)C1=CC=C(C=C1)CC,,456.9,460.5,458.8,-3.6,-1.8,-0.8,-0.4
231,p-diisopropylbenzene,C(C)(C)C1=CC=C(C=C1)C(C)C,,483.7,491.1,492.9,-7.5,-9.2,-1.5,-1.9
232,diphenyl,C1=CC=C(C=C1)C1=CC=CC=C1,,528.4,531.7,526.3,-3.3,2.1,-0.6,0.4
233,"1,1-diphenylethane",C1(=CC=CC=C1)C(C)C1=CC=CC=C1,,545.8,550,546.8,-4.2,-1,-0.8,-0.2
234,"1,2-diphenylethane",C(CC1=CC=CC=C1)C1=CC=CC=C1,,553.7,557,551.6,-3.3,2,-0.6,0.4
235,naphtalene,C1=CC2=CC=CC=C2C=C1,,491.1,489.2,483.7,1.9,7.4,0.4,1.5
236,antracene,C3CCC2CC1CCCCC1CC2C3,,612.9,597.8,590.6,15.1,22.3,2.5,3.6
237,phenanthrene,C1=CC2=C(C=C1)C1=C(C=CC=C1)C=C2,,612.6,600.4,593.1,12.2,19.5,2,3.2
238,m-terphenyl,C1(=CC=CC=C1)C1=CC(=CC=C1)C1=CC=CC=C1,,638,651.4,644.5,-13.4,-6.5,-2.1,-1
239,p-terphenyl,C1(=CC=CC=C1)C1=CC=C(C=C1)C1=CC=CC=C1,,649,643.9,637.6,5.1,11.4,0.8,1.8
240,pyrene,C1=CC2=CC=C3C=CC=C4C=CC(=C1)C2=C34,,668,666.4,657.6,1.6,10.4,0.2,1.6
241,chrysene,C1=CC=CC=2C3=CC=C4C=CC=CC4=C3C=CC12,,714.1,701.3,691.9,12.8,22.2,1.8,3.1
242,o-terphenyl,C1(=CC=CC=C1)C=1C(=CC=CC1)C1=CC=CC=C1,637.5,610.6,654.6,648,-9.2,-2.6,-1.4,-0.4
243,triphenylmethane,C1(=CC=CC=C1)C(C1=CC=CC=C1)C1=CC=CC=C1,,632.1,651.8,646.4,-19.7,-14.3,-3.1,-2.3
244,Acenaphthylene,C1=CC2=C3C1=CC=CC3=CC=C2,552,543.1,548.1,537,-0.1,11,0,2
245,acenaphtene,C1CC2=C3C1=CC=CC3=CC=C2,,550.5,548.1,540.5,2.4,10,0.4,1.8
246,"1,1,2,2-tetraphenylethane",C1(=CC=CC=C1)C(C(C1=CC=CC=C1)C1=CC=CC=C1)C1=CC=CC=C1,697.7,633.1,751.5,746.4,-53.6,-48.5,-7.7,-7
247,4-methyloctane,CC(CCC)CCCC,,415.6,412.1,412.8,3.5,2.8,0.8,0.7
248,"2,2,3,3-tetramethylbutane",CC(C)(C(C)(C)C)C,,379.4,374.3,374.4,5.1,5,1.3,1.3
249,2-ethylhexene,C(C)C(=C)CCCC,,393.1,397.2,397,-4.1,-3.9,-1,-1
250,adamantane,C12CC3CC(CC(C1)C3)C2,,461,504.6,501.2,-43.6,-40.2,-9.5,-8.7
251,"1,5-cyclooctadiene",C1=CCCC=CCC1,409.9,423.3,415.7,414.6,-5.8,-4.7,-1.4,1.1
252,"2,5-dimethyl-1,5-hexadiene",CC(=C)CCC(C)=C,,387.4,380.8,383.2,6.6,4.2,1.7,1.1
253,c-1-propenylbenzene,C=CCC1=CC=CC=C1,441.9,452,436.9,434.5,5,7.4,1.1,1.7
254,1-phenylnaphtalene,C1=CC=C(C=C1)C1=C2C=CC=CC2=CC=C1,621,607.1,643.6,634,-22.6,-13,-3.6,-2.1
255,indane,C1CCC2=CC=CC=C12,,451.1,451.4,447.1,-0.3,4,-0.1,0.9